--- Indiana Jone's information ---

INSERT INTO projecte.usuaris (nom_usuari, nom, contrassenya)
VALUES ('Indiana22', 'Indiana Jones', 'Skull1234');

INSERT INTO projecte.aventurers (nom_usuari)
VALUES ('Indiana22');

INSERT INTO projecte.llistes (titol)
VALUES ('Towns with hidden treasures!');

INSERT INTO projecte.personalitzades (codi_llista, nom_usuari)
VALUES (1, 'Indiana22');

INSERT INTO projecte.continguts (codi_llista, nom_poblacio)
VALUES (1, 'Sant Jaume de Frontanyà');

INSERT INTO projecte.continguts (codi_llista, nom_poblacio)
VALUES (1, 'Savallà del Comtat');

INSERT INTO projecte.continguts (codi_llista, nom_poblacio)
VALUES (1, 'Capafonts');

INSERT INTO projecte.continguts (codi_llista, nom_poblacio)
VALUES (1, 'Gaià');

INSERT INTO projecte.continguts (codi_llista, nom_poblacio)
VALUES (1, 'Molló');


INSERT INTO projecte.llistes (titol)
VALUES ('Towns with mysterious churches');

INSERT INTO projecte.personalitzades (codi_llista, nom_usuari)
VALUES (2, 'Indiana22');

INSERT INTO projecte.continguts (codi_llista, nom_poblacio)
VALUES (2, 'Viladamat');

INSERT INTO projecte.continguts (codi_llista, nom_poblacio)
VALUES (2, 'Sant Ramon');

INSERT INTO projecte.continguts (codi_llista, nom_poblacio)
VALUES (2, 'Capafonts');

INSERT INTO projecte.continguts (codi_llista, nom_poblacio)
VALUES (2, 'Cabacés');

INSERT INTO projecte.continguts (codi_llista, nom_poblacio)
VALUES (2, 'Massoteres');

INSERT INTO projecte.continguts (codi_llista, nom_poblacio)
VALUES (2, 'Prades');

INSERT INTO projecte.continguts (codi_llista, nom_poblacio)
VALUES (2, 'Meranges');


INSERT INTO projecte.viatges (nom_poblacio, nom_usuari) VALUES ('Les', 'Indiana22');
INSERT INTO projecte.viatges (nom_poblacio, nom_usuari) VALUES ('Sitges', 'Indiana22');
INSERT INTO projecte.viatges (nom_poblacio, nom_usuari) VALUES ('Prades', 'Indiana22');
INSERT INTO projecte.viatges (nom_poblacio, nom_usuari) VALUES ('Cerdanyola del Vallès', 'Indiana22');
INSERT INTO projecte.viatges (nom_poblacio, nom_usuari) VALUES ('Gavà', 'Indiana22');
INSERT INTO projecte.viatges (nom_poblacio, nom_usuari) VALUES ('Lladorre', 'Indiana22');
INSERT INTO projecte.viatges (nom_poblacio, nom_usuari) VALUES ('Querol', 'Indiana22');
INSERT INTO projecte.viatges (nom_poblacio, nom_usuari) VALUES ('Sitges', 'Indiana22');
INSERT INTO projecte.viatges (nom_poblacio, nom_usuari) VALUES ('Sort', 'Indiana22');
INSERT INTO projecte.viatges (nom_poblacio, nom_usuari) VALUES ('Sant Quintí de Mediona', 'Indiana22');
INSERT INTO projecte.viatges (nom_poblacio, nom_usuari) VALUES ('Rupià', 'Indiana22');

--- Mike's information ---

INSERT INTO projecte.usuaris (nom_usuari, nom, contrassenya)
VALUES ('Mike1', 'Mike McMiller', 'MikeIsTheBest!');

INSERT INTO projecte.aventurers (nom_usuari)
VALUES ('Mike1');

INSERT INTO projecte.llistes (titol)
VALUES ('Most beautiful cities!');

INSERT INTO projecte.personalitzades (codi_llista, nom_usuari)
VALUES (3, 'Mike1');

INSERT INTO projecte.continguts (codi_llista, nom_poblacio)
VALUES (3, 'Vic');

INSERT INTO projecte.continguts (codi_llista, nom_poblacio)
VALUES (3, 'Figueres');

INSERT INTO projecte.continguts (codi_llista, nom_poblacio)
VALUES (3, 'Mataró');

INSERT INTO projecte.continguts (codi_llista, nom_poblacio)
VALUES (3, 'Castelldefels');


INSERT INTO projecte.viatges (nom_poblacio, nom_usuari) VALUES ('Abrera', 'Mike1');
INSERT INTO projecte.viatges (nom_poblacio, nom_usuari) VALUES ('Algerri', 'Mike1');
INSERT INTO projecte.viatges (nom_poblacio, nom_usuari) VALUES ('Bordils', 'Mike1');
INSERT INTO projecte.viatges (nom_poblacio, nom_usuari) VALUES ('Campins', 'Mike1');
INSERT INTO projecte.viatges (nom_poblacio, nom_usuari) VALUES ('Clariana de Cardener', 'Mike1');
INSERT INTO projecte.viatges (nom_poblacio, nom_usuari) VALUES ('Fogars de la Selva', 'Mike1');
INSERT INTO projecte.viatges (nom_poblacio, nom_usuari) VALUES ('Girona', 'Mike1');
INSERT INTO projecte.viatges (nom_poblacio, nom_usuari) VALUES ('Girona', 'Mike1');
INSERT INTO projecte.viatges (nom_poblacio, nom_usuari) VALUES ('Girona', 'Mike1');
INSERT INTO projecte.viatges (nom_poblacio, nom_usuari) VALUES ('Juneda', 'Mike1');
INSERT INTO projecte.viatges (nom_poblacio, nom_usuari) VALUES ('Marganell', 'Mike1');
INSERT INTO projecte.viatges (nom_poblacio, nom_usuari) VALUES ('Pau', 'Mike1');
INSERT INTO projecte.viatges (nom_poblacio, nom_usuari) VALUES ('Polinyà', 'Mike1');
INSERT INTO projecte.viatges (nom_poblacio, nom_usuari) VALUES ('Roses', 'Mike1');
INSERT INTO projecte.viatges (nom_poblacio, nom_usuari) VALUES ('Sant Julià de Cerdanyola', 'Mike1');
INSERT INTO projecte.viatges (nom_poblacio, nom_usuari) VALUES ('Sant Pere de Ribes', 'Mike1');
INSERT INTO projecte.viatges (nom_poblacio, nom_usuari) VALUES ('Setcases', 'Mike1');
INSERT INTO projecte.viatges (nom_poblacio, nom_usuari) VALUES ('Torre-serona', 'Mike1');
INSERT INTO projecte.viatges (nom_poblacio, nom_usuari) VALUES ('Viladrau', 'Mike1');
INSERT INTO projecte.viatges (nom_poblacio, nom_usuari) VALUES ('Vilanova de Sau', 'Mike1');
INSERT INTO projecte.viatges (nom_poblacio, nom_usuari) VALUES ('Xerta', 'Mike1');

--- Sarah's information ---

INSERT INTO projecte.usuaris (nom_usuari, nom, contrassenya)
VALUES ('Sarah21', 'Sarah Williams', '??Ruffus82938??');

INSERT INTO projecte.aventurers (nom_usuari)
VALUES ('Sarah21');

INSERT INTO projecte.llistes (titol)
VALUES ('Astonishing coastal towns!');

INSERT INTO projecte.personalitzades (codi_llista, nom_usuari)
VALUES (4, 'Sarah21');

INSERT INTO projecte.continguts (codi_llista, nom_poblacio)
VALUES (4, 'Sitges');

INSERT INTO projecte.continguts (codi_llista, nom_poblacio)
VALUES (4, 'Llançà');

INSERT INTO projecte.continguts (codi_llista, nom_poblacio)
VALUES (4, 'Roses');

INSERT INTO projecte.continguts (codi_llista, nom_poblacio)
VALUES (4, 'Calella');




INSERT INTO projecte.llistes (titol)
VALUES ('Jaw-Dropping Views!');

INSERT INTO projecte.personalitzades (codi_llista, nom_usuari)
VALUES (5, 'Sarah21');

INSERT INTO projecte.continguts (codi_llista, nom_poblacio)
VALUES (5, 'Olesa de Montserrat');

INSERT INTO projecte.continguts (codi_llista, nom_poblacio)
VALUES (5, 'Rupit i Pruit');

INSERT INTO projecte.continguts (codi_llista, nom_poblacio)
VALUES (5, 'Queralbs');

INSERT INTO projecte.continguts (codi_llista, nom_poblacio)
VALUES (5, 'Camprodon');

INSERT INTO projecte.continguts (codi_llista, nom_poblacio)
VALUES (5, 'Ribes de Freser');

INSERT INTO projecte.continguts (codi_llista, nom_poblacio)
VALUES (5, 'Llívia');

INSERT INTO projecte.continguts (codi_llista, nom_poblacio)
VALUES (5, 'Vall de Boí, la');


-- John Doe's information --

INSERT INTO projecte.usuaris (nom_usuari, nom, contrassenya)
VALUES ('John271', 'John Doe', 'WhyIsMyNameEverywhere?8775');
INSERT INTO projecte.ocasionals (nom_usuari)
VALUES ('John271');

INSERT INTO projecte.viatges (nom_poblacio, nom_usuari) VALUES ('Àger', 'John271');
INSERT INTO projecte.viatges (nom_poblacio, nom_usuari) VALUES ('Alt Àneu', 'John271');
INSERT INTO projecte.viatges (Mike1nom_poblacio, nom_usuari) VALUES ('Vilabertran', 'John271');
INSERT INTO projecte.viatges (nom_poblacio, nom_usuari) VALUES ('Aguilar de Segarra', 'John271');
INSERT INTO projecte.viatges (nom_poblacio, nom_usuari) VALUES ('Albatàrrec', 'John271');
INSERT INTO projecte.viatges (nom_poblacio, nom_usuari) VALUES ('Campins', 'John271');
INSERT INTO projecte.viatges (nom_poblacio, nom_usuari) VALUES ('Calaf', 'John271');
INSERT INTO projecte.viatges (nom_poblacio, nom_usuari) VALUES ('Febró', 'John271');
INSERT INTO projecte.viatges (nom_poblacio, nom_usuari) VALUES ('Gimenells i el Pla de la Font', 'John271');
INSERT INTO projecte.viatges (nom_poblacio, nom_usuari) VALUES ('Hospitalet de Llobregat', 'John271');
INSERT INTO projecte.viatges (nom_poblacio, nom_usuari) VALUES ('Llorenç del Penedès', 'John271');
INSERT INTO projecte.viatges (nom_poblacio, nom_usuari) VALUES ('Organyà', 'John271');
INSERT INTO projecte.viatges (nom_poblacio, nom_usuari) VALUES ('Pobla de Lillet', 'John271');
INSERT INTO projecte.viatges (nom_poblacio, nom_usuari) VALUES ('Salt', 'John271');

-- Mile's information --

INSERT INTO projecte.usuaris (nom_usuari, nom, contrassenya)
VALUES ('Miles52', 'Miles Morales', 'IAmSpiderman33!');
INSERT INTO projecte.ocasionals (nom_usuari)
VALUES ('Miles52');


INSERT INTO projecte.viatges (nom_poblacio, nom_usuari) VALUES ('Àger', 'Miles52');
INSERT INTO projecte.viatges (nom_poblacio, nom_usuari) VALUES ('Alt Àneu', 'Miles52');
INSERT INTO projecte.viatges (nom_poblacio, nom_usuari) VALUES ('Argentona', 'Miles52');
INSERT INTO projecte.viatges (nom_poblacio, nom_usuari) VALUES ('Balaguer', 'Miles52');
INSERT INTO projecte.viatges (nom_poblacio, nom_usuari) VALUES ('Borredà', 'Miles52');
INSERT INTO projecte.viatges (nom_poblacio, nom_usuari) VALUES ('Castellcir', 'Miles52');
INSERT INTO projecte.viatges (nom_poblacio, nom_usuari) VALUES ('Constantí', 'Miles52');
INSERT INTO projecte.viatges (nom_poblacio, nom_usuari) VALUES ('Flaçà', 'Miles52');
INSERT INTO projecte.viatges (nom_poblacio, nom_usuari) VALUES ('Gósol', 'Miles52');
INSERT INTO projecte.viatges (nom_poblacio, nom_usuari) VALUES ('Lluçà', 'Miles52');
INSERT INTO projecte.viatges (nom_poblacio, nom_usuari) VALUES ('Palol de Revardit', 'Miles52');
INSERT INTO projecte.viatges (nom_poblacio, nom_usuari) VALUES ('Preixana', 'Miles52');



-- Llistes estatiques information --

INSERT INTO projecte.llistes (titol) VALUES ('Where Art Comes to Life: Towns with Vibrant Urban Culture');
INSERT INTO projecte.estatiques (codi_llista) VALUES (6);
INSERT INTO projecte.continguts (nom_poblacio, codi_llista) VALUES ('Penelles', '6');
INSERT INTO projecte.continguts (nom_poblacio, codi_llista) VALUES ('Tarragona', '6');
INSERT INTO projecte.continguts (nom_poblacio, codi_llista) VALUES ('Torroella de Fluvià', '6');



INSERT INTO projecte.llistes (titol) VALUES ('Hidden Gems: Enchanting Towns to Explore');
INSERT INTO projecte.estatiques (codi_llista) VALUES (7);
INSERT INTO projecte.continguts (nom_poblacio, codi_llista) VALUES ('Ivorra', '7');
INSERT INTO projecte.continguts (nom_poblacio, codi_llista) VALUES ('Tarrés', '7');
INSERT INTO projecte.continguts (nom_poblacio, codi_llista) VALUES ('Estamariu', '7');
INSERT INTO projecte.continguts (nom_poblacio, codi_llista) VALUES ('Cogul, el', '7');
INSERT INTO projecte.continguts (nom_poblacio, codi_llista) VALUES ('Castellfollit de Riubregós', '7');
INSERT INTO projecte.continguts (nom_poblacio, codi_llista) VALUES ('Meranges', '7');
INSERT INTO projecte.continguts (nom_poblacio, codi_llista) VALUES ('Cava', '7');



INSERT INTO projecte.llistes (titol) VALUES ('Cultural Treasures: Towns Celebrating Art, History, and Community');
INSERT INTO projecte.estatiques (codi_llista) VALUES (8);
INSERT INTO projecte.continguts (nom_poblacio, codi_llista) VALUES ('Les', '8');
INSERT INTO projecte.continguts (nom_poblacio, codi_llista) VALUES ('Barcelona', '8');
INSERT INTO projecte.continguts (nom_poblacio, codi_llista) VALUES ('Vic', '8');
INSERT INTO projecte.continguts (nom_poblacio, codi_llista) VALUES ('Valls', '8');
INSERT INTO projecte.continguts (nom_poblacio, codi_llista) VALUES ('Berga', '8');
INSERT INTO projecte.continguts (nom_poblacio, codi_llista) VALUES ('Caldes de Malavella', '8');
INSERT INTO projecte.continguts (nom_poblacio, codi_llista) VALUES ('Montblanc', '8');
INSERT INTO projecte.continguts (nom_poblacio, codi_llista) VALUES ('Agramunt', '8');
INSERT INTO projecte.continguts (nom_poblacio, codi_llista) VALUES ('Bruc, el', '8');



INSERT INTO projecte.llistes (titol) VALUES (' Coastal Getaways: Exploring Enchanting Seaside Towns');
INSERT INTO projecte.estatiques (codi_llista) VALUES (9);
INSERT INTO projecte.continguts (nom_poblacio, codi_llista) VALUES ('Cadaqués', '9');
INSERT INTO projecte.continguts (nom_poblacio, codi_llista) VALUES ('Sitges', '9');
INSERT INTO projecte.continguts (nom_poblacio, codi_llista) VALUES ('Tossa de Mar', '9');
INSERT INTO projecte.continguts (nom_poblacio, codi_llista) VALUES ('Calella', '9');
INSERT INTO projecte.continguts (nom_poblacio, codi_llista) VALUES ('Begur', '9');
INSERT INTO projecte.continguts (nom_poblacio, codi_llista) VALUES ('Vilanova i la Geltrú', '9');
INSERT INTO projecte.continguts (nom_poblacio, codi_llista) VALUES ('Sant Pol de Mar', '9');
INSERT INTO projecte.continguts (nom_poblacio, codi_llista) VALUES ('Ametlla de Mar, l''', '9');


INSERT INTO projecte.llistes (titol) VALUES ('Enchanting Mountain Retreats: Exploring Catalan Pyrenees');
INSERT INTO projecte.estatiques (codi_llista) VALUES (10);
INSERT INTO projecte.continguts (nom_poblacio, codi_llista) VALUES ('Puigcerdà', '10');
INSERT INTO projecte.continguts (nom_poblacio, codi_llista) VALUES ('Seu d''Urgell, la', '10');
INSERT INTO projecte.continguts (nom_poblacio, codi_llista) VALUES ('Sort', '10');
INSERT INTO projecte.continguts (nom_poblacio, codi_llista) VALUES ('Camprodon', '10');
INSERT INTO projecte.continguts (nom_poblacio, codi_llista) VALUES ('Vielha e Mijaran', '10');
INSERT INTO projecte.continguts (nom_poblacio, codi_llista) VALUES ('Bagà', '10');
INSERT INTO projecte.continguts (nom_poblacio, codi_llista) VALUES ('Ribes de Freser', '10');
INSERT INTO projecte.continguts (nom_poblacio, codi_llista) VALUES ('Alp', '10');
INSERT INTO projecte.continguts (nom_poblacio, codi_llista) VALUES ('Bellver de Cerdanya', '10');
INSERT INTO projecte.continguts (nom_poblacio, codi_llista) VALUES ('Esterri d''Àneu', '10');

INSERT INTO projecte.llistes (titol) VALUES ('Historic Gems of Catalonia: Discovering Charming Old Towns');
INSERT INTO projecte.estatiques (codi_llista) VALUES (11);
INSERT INTO projecte.continguts (nom_poblacio, codi_llista) VALUES ('Besalú', '11');
INSERT INTO projecte.continguts (nom_poblacio, codi_llista) VALUES ('Rupit i Pruit', '11');
INSERT INTO projecte.continguts (nom_poblacio, codi_llista) VALUES ('Pals', '11');
INSERT INTO projecte.continguts (nom_poblacio, codi_llista) VALUES ('Santa Pau', '11');
INSERT INTO projecte.continguts (nom_poblacio, codi_llista) VALUES ('Castellfollit de la Roca', '11');
INSERT INTO projecte.continguts (nom_poblacio, codi_llista) VALUES ('Tavertet', '11');



-- Subscriptions --

INSERT INTO projecte.subscripcions_aventurers (codi_llista, nom_usuari) VALUES ('2', 'Indiana22');
INSERT INTO projecte.subscripcions_aventurers (codi_llista, nom_usuari) VALUES ('3', 'Indiana22');
INSERT INTO projecte.subscripcions_aventurers (codi_llista, nom_usuari) VALUES ('4', 'Indiana22');
INSERT INTO projecte.subscripcions_aventurers (codi_llista, nom_usuari) VALUES ('6', 'Indiana22');

INSERT INTO projecte.subscripcions_aventurers (codi_llista, nom_usuari) VALUES ('7', 'Indiana22');
INSERT INTO projecte.subscripcions_aventurers (codi_llista, nom_usuari) VALUES ('11', 'Indiana22');
INSERT INTO projecte.subscripcions_aventurers (codi_llista, nom_usuari) VALUES ('9', 'Indiana22');